1,2,3,4,5,6,7
20210723002933, , , ,STATUS,STARTED,20210723002933
20210723005155, , , ,STATUS,STARTED,20210723005155
20210723011729, , , ,STATUS,STARTED,20210723011729
20210723011808, , , ,STATUS,STARTED,20210723011808
 ,ERROR, , ,ERROR,ERROR,20210723012200
20210723012350, , , ,STATUS,STARTED,20210723012350
20210723021242, , , ,STATUS,STARTED,20210723021242
20210723021257, , , ,STATUS,STARTED,20210723021257
20210723021512, , , ,STATUS,STARTED,20210723021512
 ,ERROR, , ,ERROR,ERROR,20210723022127
20210723022142, , , ,STATUS,STARTED,20210723022142
20210723023457, , , ,STATUS,STARTED,20210723023457
20210723023512, , , ,STATUS,STARTED,20210723023512
20210723023557, , , ,STATUS,STARTED,20210723023557
20210723025359, , , ,STATUS,STARTED,20210723025359
20210723025412, , , ,STATUS,STARTED,20210723025412
20210723025429, , , ,STATUS,STARTED,20210723025429
20210723031252, , , ,STATUS,STARTED,20210723031252
20210723031422, , , ,STATUS,STARTED,20210723031422
20210723033203, , , ,STATUS,STARTED,20210723033203
20210723033253, , , ,STATUS,STARTED,20210723033253
20210723033433, , , ,STATUS,STARTED,20210723033433
20210723033443, , , ,STATUS,STARTED,20210723033443
 ,ERROR, , ,ERROR,ERROR,20210723034912
20210723034947, , , ,STATUS,STARTED,20210723034947
20210723034952, , , ,STATUS,STARTED,20210723034952
 ,ERROR, , ,ERROR,ERROR,20210723035938
20210723040013, , , ,STATUS,STARTED,20210723040013
 ,ERROR, , ,ERROR,ERROR,20210723042042
 ,ERROR, , ,ERROR,ERROR,20210723042057
 ,ERROR, , ,ERROR,ERROR,20210723042102
20210723042222, , , ,STATUS,STARTED,20210723042222
20210723042228, , , ,STATUS,STARTED,20210723042228
20210723043814, , , ,STATUS,STARTED,20210723043814
20210723050507, , , ,STATUS,STARTED,20210723050507
20210723050522, , , ,STATUS,STARTED,20210723050522
20210723050537, , , ,STATUS,STARTED,20210723050537
20210723053259, , , ,STATUS,STARTED,20210723053259
20210723053304, , , ,STATUS,STARTED,20210723053304
 ,ERROR, , ,ERROR,ERROR,20210723054330
20210723054337, , , ,STATUS,STARTED,20210723054337
20210723063254, , , ,STATUS,STARTED,20210723063254
20210723063307, , , ,STATUS,STARTED,20210723063307
20210723064409, , , ,STATUS,STARTED,20210723064409
20210723070039, , , ,STATUS,STARTED,20210723070039
20210723070052, , , ,STATUS,STARTED,20210723070052
20210723072922, , , ,STATUS,STARTED,20210723072922
20210723073205, , , ,STATUS,STARTED,20210723073205
20210723073255, , , ,STATUS,STARTED,20210723073255
20210723073705, , , ,STATUS,STARTED,20210723073705
20210723074341, , , ,STATUS,STARTED,20210723074341
20210723075640, , , ,STATUS,STARTED,20210723075640
20210723082910, , , ,STATUS,STARTED,20210723082910
20210723083140, , , ,STATUS,STARTED,20210723083140
20210723083155, , , ,STATUS,STARTED,20210723083155
20210723083205, , , ,STATUS,STARTED,20210723083205
20210723083515, , , ,STATUS,STARTED,20210723083515
20210723083525, , , ,STATUS,STARTED,20210723083525
 ,ERROR, , ,ERROR,ERROR,20210723084320
 ,ERROR, , ,ERROR,ERROR,20210723084450
20210723084615, , , ,STATUS,STARTED,20210723084615
20210723084625, , , ,STATUS,STARTED,20210723084625
 ,ERROR, , ,ERROR,ERROR,20210723085455
20210723085550, , , ,STATUS,STARTED,20210723085550
 ,ERROR, , ,ERROR,ERROR,20210723085610
20210723085700, , , ,STATUS,STARTED,20210723085700
20210723085955, , , ,STATUS,STARTED,20210723085955
 ,ERROR, , ,ERROR,ERROR,20210723091340
20210723091406, , , ,STATUS,STARTED,20210723091406
20210723091420, , , ,STATUS,STARTED,20210723091420
20210723091511, , , ,STATUS,STARTED,20210723091511
20210723092220, , , ,STATUS,STARTED,20210723092220
20210723092230, , , ,STATUS,STARTED,20210723092230
20210723092330, , , ,STATUS,STARTED,20210723092330
20210723092440, , , ,STATUS,STARTED,20210723092440
20210723092455, , , ,STATUS,STARTED,20210723092455
20210723092510, , , ,STATUS,STARTED,20210723092510
20210723094535, , , ,STATUS,STARTED,20210723094535
20210723095555, , , ,STATUS,STARTED,20210723095555
20210723095610, , , ,STATUS,STARTED,20210723095610
20210723095705, , , ,STATUS,STARTED,20210723095705
20210723100232, , , ,STATUS,STARTED,20210723100232
20210723110715, , , ,STATUS,STARTED,20210723110715
20210723110737, , , ,STATUS,STARTED,20210723110737
20210723110750, , , ,STATUS,STARTED,20210723110750
20210723110822, , , ,STATUS,STARTED,20210723110822
 ,ERROR, , ,ERROR,ERROR,20210723111335
20210723111355, , , ,STATUS,STARTED,20210723111355
20210723111510, , , ,STATUS,STARTED,20210723111510
20210723111730, , , ,STATUS,STARTED,20210723111730
20210723111745, , , ,STATUS,STARTED,20210723111745
20210723111750, , , ,STATUS,STARTED,20210723111750
20210723112310, , , ,STATUS,STARTED,20210723112310
20210723112330, , , ,STATUS,STARTED,20210723112330
20210723114635, , , ,STATUS,STARTED,20210723114635
20210723114645, , , ,STATUS,STARTED,20210723114645
20210723114930, , , ,STATUS,STARTED,20210723114930
20210723114945, , , ,STATUS,STARTED,20210723114945
20210723115836, , , ,STATUS,STARTED,20210723115836
 ,ERROR, , ,ERROR,ERROR,20210723120940
20210723121135, , , ,STATUS,STARTED,20210723121135
20210723121225, , , ,STATUS,STARTED,20210723121225
 ,ERROR, , ,ERROR,ERROR,20210723121955
20210723122101, , , ,STATUS,STARTED,20210723122101
20210723122130, , , ,STATUS,STARTED,20210723122130
20210723122221, , , ,STATUS,STARTED,20210723122221
20210723123410, , , ,STATUS,STARTED,20210723123410
20210723123425, , , ,STATUS,STARTED,20210723123425
20210723123615, , , ,STATUS,STARTED,20210723123615
20210723130521, , , ,STATUS,STARTED,20210723130521
20210723130701, , , ,STATUS,STARTED,20210723130701
20210723130706, , , ,STATUS,STARTED,20210723130706
20210723133810, , , ,STATUS,STARTED,20210723133810
20210723133820, , , ,STATUS,STARTED,20210723133820
20210723133825, , , ,STATUS,STARTED,20210723133825
 ,ERROR, , ,ERROR,ERROR,20210723135000
 ,ERROR, , ,ERROR,ERROR,20210723135155
 ,ERROR, , ,ERROR,ERROR,20210723135250
20210723135310, , , ,STATUS,STARTED,20210723135310
20210723135315, , , ,STATUS,STARTED,20210723135315
20210723135325, , , ,STATUS,STARTED,20210723135325
20210723135335, , , ,STATUS,STARTED,20210723135335
 ,ERROR, , ,ERROR,ERROR,20210723135405
20210723135710, , , ,STATUS,STARTED,20210723135710
20210723135715, , , ,STATUS,STARTED,20210723135715
 ,ERROR, , ,ERROR,ERROR,20210723135815
20210723140110, , , ,STATUS,STARTED,20210723140110
20210723140115, , , ,STATUS,STARTED,20210723140115
20210723140120, , , ,STATUS,STARTED,20210723140120
 ,ERROR, , ,ERROR,ERROR,20210723140155
20210723140430, , , ,STATUS,STARTED,20210723140430
20210723140437, , , ,STATUS,STARTED,20210723140437
 ,ERROR, , ,ERROR,ERROR,20210723140505
20210723140915, , , ,STATUS,STARTED,20210723140915
20210723140921, , , ,STATUS,STARTED,20210723140921
 ,ERROR, , ,ERROR,ERROR,20210723140950
20210723141345, , , ,STATUS,STARTED,20210723141345
20210723141355, , , ,STATUS,STARTED,20210723141355
 ,ERROR, , ,ERROR,ERROR,20210723141455
20210723141730, , , ,STATUS,STARTED,20210723141730
20210723141735, , , ,STATUS,STARTED,20210723141735
20210723141740, , , ,STATUS,STARTED,20210723141740
 ,ERROR, , ,ERROR,ERROR,20210723141810
20210723142115, , , ,STATUS,STARTED,20210723142115
20210723142122, , , ,STATUS,STARTED,20210723142122
 ,ERROR, , ,ERROR,ERROR,20210723142150
20210723142500, , , ,STATUS,STARTED,20210723142500
20210723142506, , , ,STATUS,STARTED,20210723142506
 ,ERROR, , ,ERROR,ERROR,20210723142515
20210723142715, , , ,STATUS,STARTED,20210723142715
20210723142721, , , ,STATUS,STARTED,20210723142721
 ,ERROR, , ,ERROR,ERROR,20210723142745
20210723143020, , , ,STATUS,STARTED,20210723143020
20210723143030, , , ,STATUS,STARTED,20210723143030
 ,ERROR, , ,ERROR,ERROR,20210723143100
20210723143425, , , ,STATUS,STARTED,20210723143425
20210723143430, , , ,STATUS,STARTED,20210723143430
 ,ERROR, , ,ERROR,ERROR,20210723143500
20210723143725, , , ,STATUS,STARTED,20210723143725
20210723143741, , , ,STATUS,STARTED,20210723143741
 ,ERROR, , ,ERROR,ERROR,20210723143750
20210723144025, , , ,STATUS,STARTED,20210723144025
20210723144031, , , ,STATUS,STARTED,20210723144031
 ,ERROR, , ,ERROR,ERROR,20210723144055
20210723144335, , , ,STATUS,STARTED,20210723144335
20210723144340, , , ,STATUS,STARTED,20210723144340
 ,ERROR, , ,ERROR,ERROR,20210723144435
20210723144730, , , ,STATUS,STARTED,20210723144730
20210723144742, , , ,STATUS,STARTED,20210723144742
 ,ERROR, , ,ERROR,ERROR,20210723144811
20210723145325, , , ,STATUS,STARTED,20210723145325
20210723145557, , , ,STATUS,STARTED,20210723145557
 ,ERROR, , ,ERROR,ERROR,20210723145605
20210723145650, , , ,STATUS,STARTED,20210723145650
20210723145657, , , ,STATUS,STARTED,20210723145657
 ,ERROR, , ,ERROR,ERROR,20210723145747
 ,ERROR, , ,ERROR,ERROR,20210723145810
20210723145845, , , ,STATUS,STARTED,20210723145845
20210723150755, , , ,STATUS,STARTED,20210723150755
20210723150805, , , ,STATUS,STARTED,20210723150805
20210723151131, , , ,STATUS,STARTED,20210723151131
20210723151141, , , ,STATUS,STARTED,20210723151141
20210723152508, , , ,STATUS,STARTED,20210723152508
20210723153235, , , ,STATUS,STARTED,20210723153235
20210723153933, , , ,STATUS,STARTED,20210723153933
20210723153943, , , ,STATUS,STARTED,20210723153943
20210723153953, , , ,STATUS,STARTED,20210723153953
20210723153958, , , ,STATUS,STARTED,20210723153958
20210723154013, , , ,STATUS,STARTED,20210723154013
 ,ERROR, , ,ERROR,ERROR,20210723154623
20210723155118, , , ,STATUS,STARTED,20210723155118
20210723155148, , , ,STATUS,STARTED,20210723155148
20210723155708, , , ,STATUS,STARTED,20210723155708
20210723160543, , , ,STATUS,STARTED,20210723160543
20210723161748, , , ,STATUS,STARTED,20210723161748
20210723161758, , , ,STATUS,STARTED,20210723161758
20210723161918, , , ,STATUS,STARTED,20210723161918
20210723171308, , , ,STATUS,STARTED,20210723171308
 ,ERROR, , ,ERROR,ERROR,20210723172214
20210723172223, , , ,STATUS,STARTED,20210723172223
20210723172333, , , ,STATUS,STARTED,20210723172333
 ,ERROR, , ,ERROR,ERROR,20210723175048
20210723175053, , , ,STATUS,STARTED,20210723175053
20210723175358, , , ,STATUS,STARTED,20210723175358
 ,ERROR, , ,ERROR,ERROR,20210723182654
 ,ERROR, , ,ERROR,ERROR,20210723182708
 ,ERROR, , ,ERROR,ERROR,20210723182713
20210723183223, , , ,STATUS,STARTED,20210723183223
20210723183228, , , ,STATUS,STARTED,20210723183228
20210723183739, , , ,STATUS,STARTED,20210723183739
20210723184708, , , ,STATUS,STARTED,20210723184708
20210723184723, , , ,STATUS,STARTED,20210723184723
20210723185048, , , ,STATUS,STARTED,20210723185048
20210723193603, , , ,STATUS,STARTED,20210723193603
20210723193618, , , ,STATUS,STARTED,20210723193618
20210723193818, , , ,STATUS,STARTED,20210723193818
20210723193833, , , ,STATUS,STARTED,20210723193833
20210723195203, , , ,STATUS,STARTED,20210723195203
20210723201524, , , ,STATUS,STARTED,20210723201524
20210723201549, , , ,STATUS,STARTED,20210723201549
20210723202503, , , ,STATUS,STARTED,20210723202503
20210723202513, , , ,STATUS,STARTED,20210723202513
20210723202523, , , ,STATUS,STARTED,20210723202523
20210723202553, , , ,STATUS,STARTED,20210723202553
20210723202648, , , ,STATUS,STARTED,20210723202648
20210723205725, , , ,STATUS,STARTED,20210723205725
20210723205734, , , ,STATUS,STARTED,20210723205734
20210723205805, , , ,STATUS,STARTED,20210723205805
20210723205944, , , ,STATUS,STARTED,20210723205944
20210723213229, , , ,STATUS,STARTED,20210723213229
 ,ERROR, , ,ERROR,ERROR,20210723215936
20210723215943, , , ,STATUS,STARTED,20210723215943
20210723215958, , , ,STATUS,STARTED,20210723215958
20210723220209, , , ,STATUS,STARTED,20210723220209
20210723220223, , , ,STATUS,STARTED,20210723220223
20210723220239, , , ,STATUS,STARTED,20210723220239
 ,ERROR, , ,ERROR,ERROR,20210723221223
20210723221253, , , ,STATUS,STARTED,20210723221253
20210723221343, , , ,STATUS,STARTED,20210723221343
20210723221403, , , ,STATUS,STARTED,20210723221403
 ,ERROR, , ,ERROR,ERROR,20210723221958
20210723222133, , , ,STATUS,STARTED,20210723222133
 ,ERROR, , ,ERROR,ERROR,20210723223522
20210723223538, , , ,STATUS,STARTED,20210723223538
20210723223543, , , ,STATUS,STARTED,20210723223543
20210723224723, , , ,STATUS,STARTED,20210723224723
20210723224738, , , ,STATUS,STARTED,20210723224738
20210723225914, , , ,STATUS,STARTED,20210723225914
20210723234930, , , ,STATUS,STARTED,20210723234930
20210723235620, , , ,STATUS,STARTED,20210723235620
20210723235815, , , ,STATUS,STARTED,20210723235815
20210723235920, , , ,STATUS,STARTED,20210723235920
20210724000640, , , ,STATUS,STARTED,20210724000640
20210724000900, , , ,STATUS,STARTED,20210724000900
20210724001342, , , ,STATUS,STARTED,20210724001342
20210724004220, , , ,STATUS,STARTED,20210724004220
20210724004605, , , ,STATUS,STARTED,20210724004605
 ,ERROR, , ,ERROR,ERROR,20210724005115
20210724005150, , , ,STATUS,STARTED,20210724005150
 ,ERROR, , ,ERROR,ERROR,20210724005745
20210724005812, , , ,STATUS,STARTED,20210724005812
20210724010327, , , ,STATUS,STARTED,20210724010327
20210724010337, , , ,STATUS,STARTED,20210724010337
20210724010342, , , ,STATUS,STARTED,20210724010342
 ,ERROR, , ,ERROR,ERROR,20210724011130
20210724014755, , , ,STATUS,STARTED,20210724014755
20210724014842, , , ,STATUS,STARTED,20210724014842
20210724014902, , , ,STATUS,STARTED,20210724014902
20210724015137, , , ,STATUS,STARTED,20210724015137
20210724015147, , , ,STATUS,STARTED,20210724015147
20210724015257, , , ,STATUS,STARTED,20210724015257
 ,ERROR, , ,ERROR,ERROR,20210724022116
20210724022120, , , ,STATUS,STARTED,20210724022120
20210724022127, , , ,STATUS,STARTED,20210724022127
20210724023025, , , ,STATUS,STARTED,20210724023025
20210724023030, , , ,STATUS,STARTED,20210724023030
 ,ERROR, , ,ERROR,ERROR,20210724024435
 ,ERROR, , ,ERROR,ERROR,20210724024550
20210724024625, , , ,STATUS,STARTED,20210724024625
 ,ERROR, , ,ERROR,ERROR,20210724024815
20210724024845, , , ,STATUS,STARTED,20210724024845
 ,ERROR, , ,ERROR,ERROR,20210724025120
20210724025345, , , ,STATUS,STARTED,20210724025345
 ,ERROR, , ,ERROR,ERROR,20210724031120
20210724031405, , , ,STATUS,STARTED,20210724031405
 ,ERROR, , ,ERROR,ERROR,20210724031920
20210724031951, , , ,STATUS,STARTED,20210724031951
 ,ERROR, , ,ERROR,ERROR,20210724032610
20210724032815, , , ,STATUS,STARTED,20210724032815
20210724032846, , , ,STATUS,STARTED,20210724032846
 ,ERROR, , ,ERROR,ERROR,20210724033135
20210724033150, , , ,STATUS,STARTED,20210724033150
 ,ERROR, , ,ERROR,ERROR,20210724033210
 ,ERROR, , ,ERROR,ERROR,20210724033221
20210724033226, , , ,STATUS,STARTED,20210724033226
 ,ERROR, , ,ERROR,ERROR,20210724033720
20210724033852, , , ,STATUS,STARTED,20210724033852
 ,ERROR, , ,ERROR,ERROR,20210724034020
20210724034036, , , ,STATUS,STARTED,20210724034036
20210724034131, , , ,STATUS,STARTED,20210724034131
20210724034141, , , ,STATUS,STARTED,20210724034141
 ,ERROR, , ,ERROR,ERROR,20210724034310
20210724034355, , , ,STATUS,STARTED,20210724034355
20210724034510, , , ,STATUS,STARTED,20210724034510
20210724034525, , , ,STATUS,STARTED,20210724034525
20210724035210, , , ,STATUS,STARTED,20210724035210
20210724035610, , , ,STATUS,STARTED,20210724035610
20210724041515, , , ,STATUS,STARTED,20210724041515
20210724041615, , , ,STATUS,STARTED,20210724041615
20210724044305, , , ,STATUS,STARTED,20210724044305
20210724044320, , , ,STATUS,STARTED,20210724044320
20210724044422, , , ,STATUS,STARTED,20210724044422
 ,ERROR, , ,ERROR,ERROR,20210724045107
 ,ERROR, , ,ERROR,ERROR,20210724045145
20210724045150, , , ,STATUS,STARTED,20210724045150
 ,ERROR, , ,ERROR,ERROR,20210724045740
20210724045825, , , ,STATUS,STARTED,20210724045825
 ,ERROR, , ,ERROR,ERROR,20210724050005
20210724050145, , , ,STATUS,STARTED,20210724050145
 ,ERROR, , ,ERROR,ERROR,20210724050400
20210724050430, , , ,STATUS,STARTED,20210724050430
 ,ERROR, , ,ERROR,ERROR,20210724050450
20210724050455, , , ,STATUS,STARTED,20210724050455
20210724050940, , , ,STATUS,STARTED,20210724050940
20210724052235, , , ,STATUS,STARTED,20210724052235
20210724064207, , , ,STATUS,STARTED,20210724064207
20210724064220, , , ,STATUS,STARTED,20210724064220
20210724064335, , , ,STATUS,STARTED,20210724064335
20210724064422, , , ,STATUS,STARTED,20210724064422
20210724065006, , , ,STATUS,STARTED,20210724065006
20210724065541, , , ,STATUS,STARTED,20210724065541
20210724065721, , , ,STATUS,STARTED,20210724065721
20210724065731, , , ,STATUS,STARTED,20210724065731
20210724065806, , , ,STATUS,STARTED,20210724065806
20210724065851, , , ,STATUS,STARTED,20210724065851
20210724070751, , , ,STATUS,STARTED,20210724070751
20210724070906, , , ,STATUS,STARTED,20210724070906
20210724073053, , , ,STATUS,STARTED,20210724073053
20210724075701, , , ,STATUS,STARTED,20210724075701
20210724075957, , , ,STATUS,STARTED,20210724075957
 ,ERROR, , ,ERROR,ERROR,20210724080441
20210724080516, , , ,STATUS,STARTED,20210724080516
20210724084147, , , ,STATUS,STARTED,20210724084147
20210724084212, , , ,STATUS,STARTED,20210724084212
20210724091317, , , ,STATUS,STARTED,20210724091317
20210724091327, , , ,STATUS,STARTED,20210724091327
 ,ERROR, , ,ERROR,ERROR,20210724094613
20210724094616, , , ,STATUS,STARTED,20210724094616
20210724094621, , , ,STATUS,STARTED,20210724094621
20210724095212, , , ,STATUS,STARTED,20210724095212
20210724095226, , , ,STATUS,STARTED,20210724095226
20210724100400, , , ,STATUS,STARTED,20210724100400
20210724101347, , , ,STATUS,STARTED,20210724101347
20210724102113, , , ,STATUS,STARTED,20210724102113
20210724103016, , , ,STATUS,STARTED,20210724103016
20210724103026, , , ,STATUS,STARTED,20210724103026
20210724103206, , , ,STATUS,STARTED,20210724103206
 ,ERROR, , ,ERROR,ERROR,20210724103356
20210724103401, , , ,STATUS,STARTED,20210724103401
 ,ERROR, , ,ERROR,ERROR,20210724112324
20210724112333, , , ,STATUS,STARTED,20210724112333
20210724112436, , , ,STATUS,STARTED,20210724112436
20210724112453, , , ,STATUS,STARTED,20210724112453
 ,ERROR, , ,ERROR,ERROR,20210724112733
20210724113321, , , ,STATUS,STARTED,20210724113321
20210724120341, , , ,STATUS,STARTED,20210724120341
20210724120418, , , ,STATUS,STARTED,20210724120418
 ,ERROR, , ,ERROR,ERROR,20210724120511
20210724120851, , , ,STATUS,STARTED,20210724120851
20210724121121, , , ,STATUS,STARTED,20210724121121
20210724121141, , , ,STATUS,STARTED,20210724121141
20210724121206, , , ,STATUS,STARTED,20210724121206
20210724121211, , , ,STATUS,STARTED,20210724121211
20210724121221, , , ,STATUS,STARTED,20210724121221
20210724121251, , , ,STATUS,STARTED,20210724121251
20210724121311, , , ,STATUS,STARTED,20210724121311
20210724121611, , , ,STATUS,STARTED,20210724121611
20210724121621, , , ,STATUS,STARTED,20210724121621
20210724121746, , , ,STATUS,STARTED,20210724121746
20210724121756, , , ,STATUS,STARTED,20210724121756
20210724121806, , , ,STATUS,STARTED,20210724121806
20210724121816, , , ,STATUS,STARTED,20210724121816
20210724121826, , , ,STATUS,STARTED,20210724121826
20210724122103, , , ,STATUS,STARTED,20210724122103
20210724122118, , , ,STATUS,STARTED,20210724122118
 ,ERROR, , ,ERROR,ERROR,20210724122651
 ,ERROR, , ,ERROR,ERROR,20210724122826
20210724122836, , , ,STATUS,STARTED,20210724122836
20210724122916, , , ,STATUS,STARTED,20210724122916
20210724122931, , , ,STATUS,STARTED,20210724122931
 ,ERROR, , ,ERROR,ERROR,20210724124331
20210724124541, , , ,STATUS,STARTED,20210724124541
20210724124546, , , ,STATUS,STARTED,20210724124546
20210724124831, , , ,STATUS,STARTED,20210724124831
20210724124841, , , ,STATUS,STARTED,20210724124841
20210724125356, , , ,STATUS,STARTED,20210724125356
20210724125548, , , ,STATUS,STARTED,20210724125548
20210724125558, , , ,STATUS,STARTED,20210724125558
20210724125633, , , ,STATUS,STARTED,20210724125633
 ,ERROR, , ,ERROR,ERROR,20210724131242
20210724131246, , , ,STATUS,STARTED,20210724131246
20210724131301, , , ,STATUS,STARTED,20210724131301
20210724133131, , , ,STATUS,STARTED,20210724133131
20210724133141, , , ,STATUS,STARTED,20210724133141
20210724133341, , , ,STATUS,STARTED,20210724133341
20210724135851, , , ,STATUS,STARTED,20210724135851
20210724135933, , , ,STATUS,STARTED,20210724135933
20210724140447, , , ,STATUS,STARTED,20210724140447
20210724140452, , , ,STATUS,STARTED,20210724140452
20210724143457, , , ,STATUS,STARTED,20210724143457
20210724143506, , , ,STATUS,STARTED,20210724143506
20210724143552, , , ,STATUS,STARTED,20210724143552
20210724153515, , , ,STATUS,STARTED,20210724153515
20210724153523, , , ,STATUS,STARTED,20210724153523
20210724154226, , , ,STATUS,STARTED,20210724154226
20210724154326, , , ,STATUS,STARTED,20210724154326
20210724155501, , , ,STATUS,STARTED,20210724155501
20210724161212, , , ,STATUS,STARTED,20210724161212
20210724175036, , , ,STATUS,STARTED,20210724175036
20210724175051, , , ,STATUS,STARTED,20210724175051
20210724175151, , , ,STATUS,STARTED,20210724175151
 ,ERROR, , ,ERROR,ERROR,20210724180326
20210724180506, , , ,STATUS,STARTED,20210724180506
 ,ERROR, , ,ERROR,ERROR,20210724184315
20210724184656, , , ,STATUS,STARTED,20210724184656
20210724190306, , , ,STATUS,STARTED,20210724190306
20210724190636, , , ,STATUS,STARTED,20210724190636
20210724191036, , , ,STATUS,STARTED,20210724191036
20210724191111, , , ,STATUS,STARTED,20210724191111
20210724191722, , , ,STATUS,STARTED,20210724191722
20210724192041, , , ,STATUS,STARTED,20210724192041
20210724192056, , , ,STATUS,STARTED,20210724192056
20210724192311, , , ,STATUS,STARTED,20210724192311
20210724192757, , , ,STATUS,STARTED,20210724192757
20210724193702, , , ,STATUS,STARTED,20210724193702
20210724193716, , , ,STATUS,STARTED,20210724193716
20210724200551, , , ,STATUS,STARTED,20210724200551
20210724202101, , , ,STATUS,STARTED,20210724202101
20210724202111, , , ,STATUS,STARTED,20210724202111
20210724212356, , , ,STATUS,STARTED,20210724212356
20210724212411, , , ,STATUS,STARTED,20210724212411
20210724212416, , , ,STATUS,STARTED,20210724212416
20210724225522, , , ,STATUS,STARTED,20210724225522
20210724225531, , , ,STATUS,STARTED,20210724225531
20210725003401, , , ,STATUS,STARTED,20210725003401
20210725004546, , , ,STATUS,STARTED,20210725004546
20210725011046, , , ,STATUS,STARTED,20210725011046
20210725011051, , , ,STATUS,STARTED,20210725011051
20210725012937, , , ,STATUS,STARTED,20210725012937
20210725013123, , , ,STATUS,STARTED,20210725013123
 ,ERROR, , ,ERROR,ERROR,20210725015359
20210725015406, , , ,STATUS,STARTED,20210725015406
20210725015427, , , ,STATUS,STARTED,20210725015427
 ,ERROR, , ,ERROR,ERROR,20210725024831
20210725024841, , , ,STATUS,STARTED,20210725024841
 ,ERROR, , ,ERROR,ERROR,20210725025321
20210725025711, , , ,STATUS,STARTED,20210725025711
20210725025717, , , ,STATUS,STARTED,20210725025717
20210725034852, , , ,STATUS,STARTED,20210725034852
20210725040351, , , ,STATUS,STARTED,20210725040351
20210725040416, , , ,STATUS,STARTED,20210725040416
 ,ERROR, , ,ERROR,ERROR,20210725045301
20210725045322, , , ,STATUS,STARTED,20210725045322
20210725050231, , , ,STATUS,STARTED,20210725050231
20210725051053, , , ,STATUS,STARTED,20210725051053
20210725051422, , , ,STATUS,STARTED,20210725051422
 ,ERROR, , ,ERROR,ERROR,20210725053326
20210725053501, , , ,STATUS,STARTED,20210725053501
 ,ERROR, , ,ERROR,ERROR,20210725054756
20210725054821, , , ,STATUS,STARTED,20210725054821
 ,ERROR, , ,ERROR,ERROR,20210725061106
20210725061201, , , ,STATUS,STARTED,20210725061201
20210725061216, , , ,STATUS,STARTED,20210725061216
20210725061236, , , ,STATUS,STARTED,20210725061236
 ,ERROR, , ,ERROR,ERROR,20210725064731
20210725064921, , , ,STATUS,STARTED,20210725064921
20210725064926, , , ,STATUS,STARTED,20210725064926
 ,ERROR, , ,ERROR,ERROR,20210725065101
20210725065116, , , ,STATUS,STARTED,20210725065116
 ,ERROR, , ,ERROR,ERROR,20210725065226
20210725065237, , , ,STATUS,STARTED,20210725065237
 ,ERROR, , ,ERROR,ERROR,20210725065252
20210725065347, , , ,STATUS,STARTED,20210725065347
 ,ERROR, , ,ERROR,ERROR,20210725070951
20210725071047, , , ,STATUS,STARTED,20210725071047
 ,ERROR, , ,ERROR,ERROR,20210725071436
20210725071446, , , ,STATUS,STARTED,20210725071446
20210725071901, , , ,STATUS,STARTED,20210725071901
20210725071916, , , ,STATUS,STARTED,20210725071916
20210725072151, , , ,STATUS,STARTED,20210725072151
20210725072331, , , ,STATUS,STARTED,20210725072331
20210725072336, , , ,STATUS,STARTED,20210725072336
20210725073309, , , ,STATUS,STARTED,20210725073309
20210725073314, , , ,STATUS,STARTED,20210725073314
20210725074701, , , ,STATUS,STARTED,20210725074701
20210725075809, , , ,STATUS,STARTED,20210725075809
20210725080154, , , ,STATUS,STARTED,20210725080154
20210725080201, , , ,STATUS,STARTED,20210725080201
 ,ERROR, , ,ERROR,ERROR,20210725080709
20210725081024, , , ,STATUS,STARTED,20210725081024
20210725081031, , , ,STATUS,STARTED,20210725081031
 ,ERROR, , ,ERROR,ERROR,20210725081329
20210725081809, , , ,STATUS,STARTED,20210725081809
20210725081834, , , ,STATUS,STARTED,20210725081834
 ,ERROR, , ,ERROR,ERROR,20210725082114
20210725083051, , , ,STATUS,STARTED,20210725083051
 ,ERROR, , ,ERROR,ERROR,20210725083319
20210725083421, , , ,STATUS,STARTED,20210725083421
 ,ERROR, , ,ERROR,ERROR,20210725083430
20210725083739, , , ,STATUS,STARTED,20210725083739
20210725083751, , , ,STATUS,STARTED,20210725083751
 ,ERROR, , ,ERROR,ERROR,20210725083815
20210725084214, , , ,STATUS,STARTED,20210725084214
20210725084219, , , ,STATUS,STARTED,20210725084219
20210725084954, , , ,STATUS,STARTED,20210725084954
20210725085236, , , ,STATUS,STARTED,20210725085236
20210725085331, , , ,STATUS,STARTED,20210725085331
20210725085351, , , ,STATUS,STARTED,20210725085351
20210725085621, , , ,STATUS,STARTED,20210725085621
20210725085630, , , ,STATUS,STARTED,20210725085630
20210725085727, , , ,STATUS,STARTED,20210725085727
 ,ERROR, , ,ERROR,ERROR,20210725090444
20210725090519, , , ,STATUS,STARTED,20210725090519
 ,ERROR, , ,ERROR,ERROR,20210725090724
20210725091309, , , ,STATUS,STARTED,20210725091309
20210725091314, , , ,STATUS,STARTED,20210725091314
20210725091334, , , ,STATUS,STARTED,20210725091334
 ,ERROR, , ,ERROR,ERROR,20210725091559
 ,ERROR, , ,ERROR,ERROR,20210725091604
20210725091704, , , ,STATUS,STARTED,20210725091704
20210725091715, , , ,STATUS,STARTED,20210725091715
 ,ERROR, , ,ERROR,ERROR,20210725091724
 ,ERROR, , ,ERROR,ERROR,20210725091814
20210725091845, , , ,STATUS,STARTED,20210725091845
20210725092324, , , ,STATUS,STARTED,20210725092324
20210725092344, , , ,STATUS,STARTED,20210725092344
20210725092409, , , ,STATUS,STARTED,20210725092409
20210725092414, , , ,STATUS,STARTED,20210725092414
 ,ERROR, , ,ERROR,ERROR,20210725092734
20210725094414, , , ,STATUS,STARTED,20210725094414
20210725094429, , , ,STATUS,STARTED,20210725094429
 ,ERROR, , ,ERROR,ERROR,20210725094709
20210725094934, , , ,STATUS,STARTED,20210725094934
20210725095139, , , ,STATUS,STARTED,20210725095139
20210725095824, , , ,STATUS,STARTED,20210725095824
20210725095839, , , ,STATUS,STARTED,20210725095839
20210725100005, , , ,STATUS,STARTED,20210725100005
20210725100759, , , ,STATUS,STARTED,20210725100759
20210725100809, , , ,STATUS,STARTED,20210725100809
 ,ERROR, , ,ERROR,ERROR,20210725102143
20210725102200, , , ,STATUS,STARTED,20210725102200
20210725102935, , , ,STATUS,STARTED,20210725102935
20210725102944, , , ,STATUS,STARTED,20210725102944
20210725103410, , , ,STATUS,STARTED,20210725103410
20210725105115, , , ,STATUS,STARTED,20210725105115
20210725105130, , , ,STATUS,STARTED,20210725105130
20210725105700, , , ,STATUS,STARTED,20210725105700
 ,ERROR, , ,ERROR,ERROR,20210725105925
20210725110535, , , ,STATUS,STARTED,20210725110535
20210725110540, , , ,STATUS,STARTED,20210725110540
20210725112320, , , ,STATUS,STARTED,20210725112320
20210725112330, , , ,STATUS,STARTED,20210725112330
 ,ERROR, , ,ERROR,ERROR,20210725112935
 ,ERROR, , ,ERROR,ERROR,20210725113434
 ,ERROR, , ,ERROR,ERROR,20210725113440
20210725113445, , , ,STATUS,STARTED,20210725113445
20210725113450, , , ,STATUS,STARTED,20210725113450
20210725114820, , , ,STATUS,STARTED,20210725114820
 ,ERROR, , ,ERROR,ERROR,20210725115030
20210725115105, , , ,STATUS,STARTED,20210725115105
20210725115530, , , ,STATUS,STARTED,20210725115530
20210725115540, , , ,STATUS,STARTED,20210725115540
20210725121231, , , ,STATUS,STARTED,20210725121231
 ,ERROR, , ,ERROR,ERROR,20210725121645
20210725121726, , , ,STATUS,STARTED,20210725121726
 ,ERROR, , ,ERROR,ERROR,20210725121745
20210725121821, , , ,STATUS,STARTED,20210725121821
 ,ERROR, , ,ERROR,ERROR,20210725123320
20210725123350, , , ,STATUS,STARTED,20210725123350
20210725123356, , , ,STATUS,STARTED,20210725123356
20210725123855, , , ,STATUS,STARTED,20210725123855
20210725123951, , , ,STATUS,STARTED,20210725123951
20210725124111, , , ,STATUS,STARTED,20210725124111
20210725124125, , , ,STATUS,STARTED,20210725124125
20210725124151, , , ,STATUS,STARTED,20210725124151
20210725125405, , , ,STATUS,STARTED,20210725125405
20210725130935, , , ,STATUS,STARTED,20210725130935
20210725130945, , , ,STATUS,STARTED,20210725130945
20210725131610, , , ,STATUS,STARTED,20210725131610
20210725131625, , , ,STATUS,STARTED,20210725131625
20210725131825, , , ,STATUS,STARTED,20210725131825
